id,name,developer,priority,region,parent,lifecycle,handover,address,lat,lng,position_type,source_url
"map-metropole","The Metropole Thu Thiem","SonKim Land","P2","HCMC_old_boundary","","map_existing_unverified_status","","Khu do thi Thu Thiem, An Khanh","10.77816","106.71333","LEGACY_FLAGGED_CHECKED","https://batdongsan.com.vn/ban-can-ho-chung-cu-the-metropole-thu-thiem"
"map-empire","Empire City Thu Thiem","Keppel Land / Tien Phuoc","P2","HCMC_old_boundary","","map_existing_unverified_status","","Thu Thiem, khu 2B","10.7698","106.7138","LEGACY_APPROXIMATE","https://khudothithuthiem.com/empire-city/"
"map-river","The River Thu Thiem","Refico","P2","HCMC_old_boundary","","map_existing_unverified_status","","Duong Vong Cung, Thu Thiem","10.783","106.7156","LEGACY_APPROXIMATE","https://www.nhatot.com/kinh-nghiem/so-sanh-chung-cu-the-river-thu-thiem-va-the-metropole-thu-thiem.html"
"map-prive","The Prive","Dat Xanh Group","P0","HCMC_old_boundary","","map_existing_unverified_status","","Khu Nam Rach Chiec, duong Song Hanh, An Phu","10.7907","106.769","LEGACY_APPROXIMATE","https://batdongsan.com.vn/ban-can-ho-chung-cu-the-prive"
"map-eaton","Eaton Park","Gamuda Land","P0","HCMC_old_boundary","","map_existing_unverified_status","","63 Mai Chi Tho, An Phu (quan 2 cu)","10.7958","106.7724","LEGACY_APPROXIMATE","https://batdongsan.com.vn/ban-can-ho-chung-cu-eaton-park"
"map-sunavenue","The Sun Avenue","Novaland","P1","HCMC_old_boundary","","issuer_says_completed","","28 Mai Chi Tho, An Phu","10.78417","106.74618","LEGACY_FLAGGED_CHECKED","https://www.novaland.com.vn/du-an/bat-dong-san-do-thi/du-an-dang-phat-trien/du-an-da-hoan-thanh-1"
"map-masterithaodien","Masteri Thao Dien","Masterise/Masteri","P1","HCMC_old_boundary","","issuer_says_handed_over","","159 Vo Nguyen Giap, Thao Dien cu","10.8017","106.7413","LEGACY_APPROXIMATE","https://masterisehomes.com/storage/media/iNt507h0e8CjtVoMbCMvZggZX5LgJmcoPnx3EkHp.pdf"
"map-gatewaythaodien","Gateway Thao Dien","SonKim Land","P2","HCMC_old_boundary","","map_existing_unverified_status","","Xa lo Ha Noi, Thao Dien cu","10.8026","106.733","LEGACY_APPROXIMATE","https://batdongsan.com.vn/ban-can-ho-chung-cu-gateway-thao-dien"
"map-vcp","Vinhomes Central Park","Vinhomes","P2","HCMC_old_boundary","","map_existing_unverified_status","","208 Nguyen Huu Canh, Binh Thanh cu","10.79349","106.7227","LEGACY_FLAGGED_CHECKED","https://batdongsan.com.vn/ban-can-ho-chung-cu-vinhomes-central-park"
"map-mcp","Masteri Centre Point","Masterise Homes","P2","HCMC_old_boundary","","map_existing_unverified_status","","Khu do thi Vinhomes Grand Park, Long Binh","10.8445","106.8315","LEGACY_APPROXIMATE","https://batdongsan.com.vn/ban-can-ho-chung-cu-masteri-centre-point"
"map-lumiere","Lumiere Boulevard","Masterise Homes","P2","HCMC_old_boundary","","map_existing_unverified_status","","Khu do thi Vinhomes Grand Park, Long Binh","10.8407","106.8375","LEGACY_APPROXIMATE","https://batdongsan.com.vn/du-an-can-ho-chung-cu-quan-9/lumiere-boulevard-pj5598"
"map-vingrand","Vinhomes Grand Park (tong the)","Vinhomes","P2","HCMC_old_boundary","","map_existing_unverified_status","","Nguyen Xien - Phuoc Thien, Long Binh","10.8422","106.8347","LEGACY_APPROXIMATE","https://batdongsan.com.vn/ban-can-ho-chung-cu-vinhomes-grand-park"
"map-midtown","Midtown Phu My Hung","Phú Mỹ Hưng","P2","HCMC_old_boundary","","historical_portfolio_presence","","Nguyen Luong Bang, Tan My (Q7 cu)","10.7248","106.7346","LEGACY_APPROXIMATE","https://phumyhung.vn/du-an/"
"map-celesta","Celesta Rise","Keppel","P2","HCMC_old_boundary","","historical_portfolio_presence","","Nguyen Huu Tho, Phuoc Kien (Nha Be cu)","10.7159","106.709","LEGACY_APPROXIMATE","https://www.keppel.com/realestate/About-Us/Our-Projects/Vietnam"
"map-mizuki","Mizuki Park - can ho","Nam Long","P1","HCMC_old_boundary","","issuer_says_completed","","Nguyen Van Linh, Binh Hung (Binh Chanh cu)","10.7172","106.6801","LEGACY_APPROXIMATE","https://www.namlongvn.com/en/news/the-evolving-landscape-of-integrated-townships-co-created-by-nam-long-and-japanese-partners/"
"map-akari","Akari City","Nam Long","P1","HCMC_old_boundary","","issuer_says_completed","","73-77 Vo Van Kiet, An Lac (Binh Tan cu)","10.7463","106.6087","LEGACY_APPROXIMATE","https://www.namlongvn.com/en/news/the-evolving-landscape-of-integrated-townships-co-created-by-nam-long-and-japanese-partners/"
"map-vista","Vista Verde","CapitaLand","P2","HCMC_old_boundary","","historical_portfolio_presence","","Phan Van Dang, Thanh My Loi (Thu Duc cu)","10.7777","106.7573","LEGACY_APPROXIMATE","https://investor.capitaland.com/newsroom/20181114_063121_C31_OUHFY70QVS8SUCH9.3.pdf"
"map-palmheights","Palm Heights","Keppel","P1","HCMC_old_boundary","","issuer_says_completed","2019","Song Hanh cao toc, An Phu (Thu Duc cu)","10.7927","106.7557","LEGACY_APPROXIMATE","https://www.keppel.com/realestate/vn/Live"
"map-origami","The Origami - Grand Park","Vinhomes","P2","HCMC_old_boundary","","map_existing_unverified_status","","Vinhomes Grand Park, Long Binh","10.8484","106.8328","LEGACY_APPROXIMATE","https://batdongsan.com.vn/ban-can-ho-chung-cu-the-origami-vinhomes-grand-park"
"map-glory","Glory Heights - Grand Park","Vinhomes","P2","HCMC_old_boundary","","map_existing_unverified_status","","Vinhomes Grand Park, Long Binh","10.8428","106.8397","LEGACY_APPROXIMATE","https://batdongsan.com.vn/ban-can-ho-chung-cu-glory-heights-vinhomes-grand-park"
"map-bcons","Bcons City","Bcons Group","P2","Binh_Duong_pre_2025","","map_existing_unverified_status","","Duong Thong Nhat, Dong Hoa (Di An cu)","10.8888","106.7875","LEGACY_APPROXIMATE","https://batdongsan.com.vn/ban-can-ho-chung-cu-bcons-city"
"map-felix","The Felix","C-Holdings","P0","Binh_Duong_pre_2025","","map_existing_unverified_status","","Nguyen Du - Bui Huu Nghia, Binh Hoa (Thuan An cu)","10.876","106.7102","LEGACY_APPROXIMATE","https://batdongsan.com.vn/ban-can-ho-chung-cu-the-felix-thuan-an"
"map-lapura","La Pura","Phat Dat","P2","Binh_Duong_pre_2025","","map_existing_unverified_status","","Quoc lo 13, Binh Hoa (Thuan An cu)","10.8873","106.7047","LEGACY_APPROXIMATE","https://batdongsan.com.vn/ban-can-ho-chung-cu-la-pura"
"map-emerald","The Emerald 68","Le Phong / Coteccons","P2","Binh_Duong_pre_2025","","map_existing_unverified_status","","68 Vinh Phu 16, Binh Hoa (Thuan An cu)","10.8691","106.7088","LEGACY_APPROXIMATE","https://batdongsan.com.vn/ban-can-ho-chung-cu-the-emerald-68"
"map-norton","Norton Park","Gamuda Land","P0","Binh_Duong_pre_2025","","map_existing_unverified_status","","Quoc lo 13, Thuan Giao, gan AEON Mall Binh Duong","10.9223","106.7069","LEGACY_APPROXIMATE","https://norton.com.vn/gia-ban-norton-park-66-trieu-m2-va-3-phuong-an-thanh-toan/"
"map-sungio","The Gio Riverside","An Gia Group","P2","Binh_Duong_pre_2025","","map_existing_unverified_status","","DT16, Binh Thang (Di An cu)","10.8689","106.811","LEGACY_APPROXIMATE","https://batdongsan.com.vn/ban-can-ho-chung-cu-the-gio-riverside"
"map-sycamore","Sycamore - can ho","CapitaLand / Becamex","P0","Binh_Duong_pre_2025","","map_existing_unverified_status","","Duong Hung Vuong, Hoa Phu (Thu Dau Mot cu)","11.0602","106.677","LEGACY_APPROXIMATE","https://batdongsan.com.vn/ban-can-ho-chung-cu-sycamore-binh-duong"
"map-happyone","Happy One Central","Van Xuan Group","P2","Binh_Duong_pre_2025","","map_existing_unverified_status","","Duong 30/4, Phu Loi (Thu Dau Mot cu)","10.9787","106.6681","LEGACY_APPROXIMATE","https://batdongsan.com.vn/ban-can-ho-chung-cu-happy-one-central"
"map-melody","Vung Tau Melody","Hung Thinh","P2","Ba_Ria_Vung_Tau_pre_2025","","map_existing_unverified_status","","Hoang Hoa Tham, Bai Sau (Vung Tau cu)","10.3343","107.0903","LEGACY_APPROXIMATE","https://batdongsan.com.vn/ban-can-ho-chung-cu-vung-tau-melody"
"map-phoenix","DIC Phoenix","DIC Corp","P2","Ba_Ria_Vung_Tau_pre_2025","","map_existing_unverified_status","","Khu do thi Chi Linh (Vung Tau cu)","10.3719","107.1074","LEGACY_APPROXIMATE","https://batdongsan.com.vn/ban-can-ho-chung-cu-dic-phoenix"
"map-win","The Win City","Thang Loi Homes","P0","Long_An_pre_2025","","map_existing_unverified_status","","179 DT825, Duc Hoa Ha, tinh Tay Ninh (Long An cu)","10.8264","106.5521","LEGACY_APPROXIMATE","https://batdongsan.com.vn/ban-can-ho-chung-cu-the-win-city"
"map-elysian","Elysian","Gamuda Land","P0","HCMC_old_boundary","","map_existing_unverified_status","","170 Lò Lu, Trường Thạnh (TP. Thủ Đức cũ)","10.8283","106.8101","LEGACY_APPROXIMATE","https://batdongsan.com.vn/du-an-can-ho-chung-cu-quan-9/chung-cu-elysian-pj4221"
"hist-sunrisecityview","Sunrise Cityview","Novaland","P1","HCMC_old_boundary","","issuer_says_completed","","","","","NO_COORDINATES","https://www.novaland.com.vn/du-an/bat-dong-san-do-thi/du-an-dang-phat-trien/du-an-da-hoan-thanh-1"
"hist-richstar","RichStar","Novaland","P1","HCMC_old_boundary","","issuer_says_completed","","","","","NO_COORDINATES","https://www.novaland.com.vn/du-an/bat-dong-san-do-thi/du-an-dang-phat-trien/du-an-da-hoan-thanh-1"
"hist-saigonroyal","Saigon Royal","Novaland","P1","HCMC_old_boundary","","issuer_says_completed","","","","","NO_COORDINATES","https://www.novaland.com.vn/du-an/bat-dong-san-do-thi/du-an-dang-phat-trien/du-an-da-hoan-thanh-1"
"hist-newtonresidence","Newton Residence","Novaland","P1","HCMC_old_boundary","","issuer_says_completed","","","","","NO_COORDINATES","https://www.novaland.com.vn/du-an/bat-dong-san-do-thi/du-an-dang-phat-trien/du-an-da-hoan-thanh-1"
"hist-orchardparkview","Orchard Parkview","Novaland","P1","HCMC_old_boundary","","issuer_says_completed","","","","","NO_COORDINATES","https://www.novaland.com.vn/du-an/bat-dong-san-do-thi/du-an-dang-phat-trien/du-an-da-hoan-thanh-1"
"hist-botanicapremier","Botanica Premier","Novaland","P1","HCMC_old_boundary","","issuer_says_completed","","","","","NO_COORDINATES","https://www.novaland.com.vn/du-an/bat-dong-san-do-thi/du-an-dang-phat-trien/du-an-da-hoan-thanh-1"
"hist-goldenmansion","Golden Mansion","Novaland","P1","HCMC_old_boundary","","issuer_says_completed","","","","","NO_COORDINATES","https://www.novaland.com.vn/du-an/bat-dong-san-do-thi/du-an-dang-phat-trien/du-an-da-hoan-thanh-1"
"hist-kingstonresidence","Kingston Residence","Novaland","P1","HCMC_old_boundary","","issuer_says_completed","","","","","NO_COORDINATES","https://www.novaland.com.vn/du-an/bat-dong-san-do-thi/du-an-dang-phat-trien/du-an-da-hoan-thanh-1"
"hist-thebotanica","The Botanica","Novaland","P1","HCMC_old_boundary","","issuer_says_completed","","","","","NO_COORDINATES","https://www.novaland.com.vn/du-an/bat-dong-san-do-thi/du-an-dang-phat-trien/du-an-da-hoan-thanh-1"
"hist-icon56","Icon 56","Novaland","P1","HCMC_old_boundary","","issuer_says_completed","","56 Bến Vân Đồn, P.12, Q.4, TP.HCM (địa chỉ trước sáp nhập)","10.76641523","106.70296655","SECONDARY_CROSSCHECK_PENDING","https://www.novaland.com.vn/du-an/bat-dong-san-do-thi/du-an-dang-phat-trien/du-an-da-hoan-thanh-1"
"hist-gardengate","Garden Gate","Novaland","P1","HCMC_old_boundary","","issuer_says_completed","","","","","NO_COORDINATES","https://www.novaland.com.vn/du-an/bat-dong-san-do-thi/du-an-dang-phat-trien/du-an-da-hoan-thanh-1"
"hist-luckypalace","Lucky Palace","Novaland","P1","HCMC_old_boundary","","issuer_says_completed","","","","","NO_COORDINATES","https://www.novaland.com.vn/du-an/bat-dong-san-do-thi/du-an-dang-phat-trien/du-an-da-hoan-thanh-1"
"hist-orchardgarden","Orchard Garden","Novaland","P1","HCMC_old_boundary","","issuer_says_completed","","","","","NO_COORDINATES","https://www.novaland.com.vn/du-an/bat-dong-san-do-thi/du-an-dang-phat-trien/du-an-da-hoan-thanh-1"
"hist-thetresor","The Tresor","Novaland","P1","HCMC_old_boundary","","issuer_says_completed","","39 Bến Vân Đồn, Q.4, TP.HCM (địa chỉ trước sáp nhập)","10.766464","106.703312","SECONDARY_CROSSCHECK_PENDING","https://www.novaland.com.vn/du-an/bat-dong-san-do-thi/du-an-dang-phat-trien/du-an-da-hoan-thanh-1"
"hist-rivergateresidence","RiverGate Residence","Novaland","P1","HCMC_old_boundary","","issuer_says_completed","","","","","NO_COORDINATES","https://www.novaland.com.vn/du-an/bat-dong-san-do-thi/du-an-dang-phat-trien/du-an-da-hoan-thanh-1"
"hist-sunrisecity","Sunrise City","Novaland","P1","HCMC_old_boundary","","issuer_says_completed","","","","","NO_COORDINATES","https://www.novaland.com.vn/du-an/bat-dong-san-do-thi/du-an-dang-phat-trien/du-an-da-hoan-thanh-1"
"hist-lexingtonresidence","Lexington Residence","Novaland","P1","HCMC_old_boundary","","issuer_says_completed","","","","","NO_COORDINATES","https://www.novaland.com.vn/du-an/bat-dong-san-do-thi/du-an-dang-phat-trien/du-an-da-hoan-thanh-1"
"hist-tropicgarden","Tropic Garden","Novaland","P1","HCMC_old_boundary","","issuer_says_completed","","","","","NO_COORDINATES","https://www.novaland.com.vn/du-an/bat-dong-san-do-thi/du-an-dang-phat-trien/du-an-da-hoan-thanh-1"
"hist-theprinceresidence","The Prince Residence","Novaland","P1","HCMC_old_boundary","","issuer_says_completed","","","","","NO_COORDINATES","https://www.novaland.com.vn/du-an/bat-dong-san-do-thi/du-an-dang-phat-trien/du-an-da-hoan-thanh-1"
"hist-sunriseriverside","Sunrise Riverside","Novaland","P1","HCMC_old_boundary","","issuer_says_completed","","","","","NO_COORDINATES","https://www.novaland.com.vn/du-an/bat-dong-san-do-thi/du-an-dang-phat-trien/du-an-da-hoan-thanh-1"
"hist-wiltontower","Wilton Tower","Novaland","P1","HCMC_old_boundary","","issuer_says_completed","","","","","NO_COORDINATES","https://www.novaland.com.vn/du-an/bat-dong-san-do-thi/du-an-dang-phat-trien/du-an-da-hoan-thanh-1"
"hist-galaxy9","Galaxy 9","Novaland","P1","HCMC_old_boundary","","issuer_says_completed","","","","","NO_COORDINATES","https://www.novaland.com.vn/du-an/bat-dong-san-do-thi/du-an-dang-phat-trien/du-an-da-hoan-thanh-1"
"hist-luckydragonresidence","Lucky Dragon Residence","Novaland","P1","HCMC_old_boundary","","issuer_says_completed","","","","","NO_COORDINATES","https://www.novaland.com.vn/du-an/bat-dong-san-do-thi/du-an-dang-phat-trien/du-an-da-hoan-thanh-1"
"hist-golfparkresidence","Golf Park Residence","Novaland","P1","HCMC_old_boundary","","issuer_says_completed","","","","","NO_COORDINATES","https://www.novaland.com.vn/du-an/bat-dong-san-do-thi/du-an-dang-phat-trien/du-an-da-hoan-thanh-1"
"hist-monesaigonsouth","M-One Saigon South","Masterise/Masteri","P1","HCMC_old_boundary","","issuer_says_handed_over","","","","","NO_COORDINATES","https://masterisehomes.com/storage/media/iNt507h0e8CjtVoMbCMvZggZX5LgJmcoPnx3EkHp.pdf"
"hist-millennium","Millennium","Masterise/Masteri","P2","HCMC_old_boundary","","historical_portfolio_presence","","","","","NO_COORDINATES","https://masterisehomes.com/storage/media/iNt507h0e8CjtVoMbCMvZggZX5LgJmcoPnx3EkHp.pdf"
"hist-masterianphu","Masteri An Phu","Masterise/Masteri","P2","HCMC_old_boundary","","historical_portfolio_presence","","","","","NO_COORDINATES","https://masterisehomes.com/storage/media/iNt507h0e8CjtVoMbCMvZggZX5LgJmcoPnx3EkHp.pdf"
"hist-monegiadinh","M-One Gia Dinh","Masterise/Masteri","P2","HCMC_old_boundary","","historical_portfolio_presence","","","","","NO_COORDINATES","https://masterisehomes.com/storage/media/iNt507h0e8CjtVoMbCMvZggZX5LgJmcoPnx3EkHp.pdf"
"hist-thevista","The Vista","CapitaLand","P2","HCMC_old_boundary","","historical_portfolio_presence","","","","","NO_COORDINATES","https://investor.capitaland.com/newsroom/20181114_063121_C31_OUHFY70QVS8SUCH9.3.pdf"
"hist-parcspring","ParcSpring","CapitaLand","P2","HCMC_old_boundary","","historical_portfolio_presence","","","","","NO_COORDINATES","https://investor.capitaland.com/newsroom/20181114_063121_C31_OUHFY70QVS8SUCH9.3.pdf"
"hist-thekrista","The Krista","CapitaLand","P2","HCMC_old_boundary","","historical_portfolio_presence","","","","","NO_COORDINATES","https://investor.capitaland.com/newsroom/20181114_063121_C31_OUHFY70QVS8SUCH9.3.pdf"
"hist-krisvue","Kris Vue","CapitaLand","P2","HCMC_old_boundary","","historical_portfolio_presence","","","","","NO_COORDINATES","https://investor.capitaland.com/newsroom/20181114_063121_C31_OUHFY70QVS8SUCH9.3.pdf"
"hist-d1mension","D1MENSION","CapitaLand","P2","HCMC_old_boundary","","historical_portfolio_presence","","","","","NO_COORDINATES","https://investor.capitaland.com/newsroom/20181114_063121_C31_OUHFY70QVS8SUCH9.3.pdf"
"hist-dedgethaodien","d’Edge Thao Dien","CapitaLand","P2","HCMC_old_boundary","","historical_portfolio_presence","","","","","NO_COORDINATES","https://investor.capitaland.com/newsroom/20181114_063121_C31_OUHFY70QVS8SUCH9.3.pdf"
"hist-d2eight","D2eight","CapitaLand","P2","HCMC_old_boundary","","historical_portfolio_presence","","","","","NO_COORDINATES","https://investor.capitaland.com/newsroom/20181114_063121_C31_OUHFY70QVS8SUCH9.3.pdf"
"hist-felizenvista","Feliz en Vista","CapitaLand","P2","HCMC_old_boundary","","historical_portfolio_presence","","","","","NO_COORDINATES","https://investor.capitaland.com/newsroom/20181114_063121_C31_OUHFY70QVS8SUCH9.3.pdf"
"hist-delasol","De La Sol","CapitaLand","P2","HCMC_old_boundary","","historical_portfolio_presence","","","","","NO_COORDINATES","https://investor.capitaland.com/newsroom/20181114_063121_C31_OUHFY70QVS8SUCH9.3.pdf"
"hist-define","DEFINE","CapitaLand","P2","HCMC_old_boundary","","historical_portfolio_presence","","","","","NO_COORDINATES","https://www.capitaland.com/sites/define/vn/point-of-Interests.html"
"hist-zenity","ZENITY","CapitaLand","P2","HCMC_old_boundary","","historical_portfolio_presence","","","","","NO_COORDINATES","https://www.capitaland.com/sites/define/vn/point-of-Interests.html"
"hist-theestella","The Estella","Keppel","P1","HCMC_old_boundary","","issuer_says_completed","","","","","NO_COORDINATES","https://www.keppel.com/realestate/vn/Live"
"hist-estellaheights","Estella Heights","Keppel","P1","HCMC_old_boundary","","issuer_says_completed","","","","","NO_COORDINATES","https://www.keppel.com/realestate/vn/Live"
"hist-rivierapoint","Riviera Point","Keppel","P1","HCMC_old_boundary","","issuer_says_completed","2014","","","","NO_COORDINATES","https://www.keppel.com/realestate/vn/Live"
"hist-theviewatrivierapoint","The View at Riviera Point","Keppel","P1","HCMC_old_boundary","hist-rivierapoint","issuer_says_completed","2019","","","","NO_COORDINATES","https://www.keppel.com/realestate/vn/Live"
"hist-theinfinitiatrivierapoint","The Infiniti at Riviera Point","Keppel","P2","HCMC_old_boundary","","historical_portfolio_presence","","","","","NO_COORDINATES","https://www.keppel.com/realestate/About-Us/Our-Projects/Vietnam"
"hist-celestaheights","Celesta Heights","Keppel","P2","HCMC_old_boundary","","historical_portfolio_presence","","","","","NO_COORDINATES","https://www.keppel.com/realestate/About-Us/Our-Projects/Vietnam"
"hist-celestaavenue","Celesta Avenue","Keppel","P2","HCMC_old_boundary","","historical_portfolio_presence","","","","","NO_COORDINATES","https://www.keppel.com/realestate/About-Us/Our-Projects/Vietnam"
"hist-thehorizon","The Horizon","Phú Mỹ Hưng","P1","HCMC_old_boundary","","issuer_says_handed_over","","","","","NO_COORDINATES","https://phumyhung.vn/du-an-da-ban-giao"
"hist-theantonia","The Antonia","Phú Mỹ Hưng","P1","HCMC_old_boundary","","issuer_says_handed_over","","","","","NO_COORDINATES","https://phumyhung.vn/du-an-da-ban-giao"
"hist-theascentia","The Ascentia","Phú Mỹ Hưng","P1","HCMC_old_boundary","","issuer_says_handed_over","","","","","NO_COORDINATES","https://phumyhung.vn/du-an-da-ban-giao"
"hist-cardinalcourt","Cardinal Court","Phú Mỹ Hưng","P1","HCMC_old_boundary","","issuer_says_handed_over","","","","","NO_COORDINATES","https://phumyhung.vn/du-an-da-ban-giao"
"hist-hungphucpremier","Hưng Phúc Premier","Phú Mỹ Hưng","P1","HCMC_old_boundary","","issuer_says_handed_over","","","","","NO_COORDINATES","https://phumyhung.vn/du-an-da-ban-giao"
"hist-riverparkresidence","Riverpark Residence","Phú Mỹ Hưng","P1","HCMC_old_boundary","","issuer_says_handed_over","","","","","NO_COORDINATES","https://phumyhung.vn/du-an-da-ban-giao"
"hist-saigonsouthresidences","Saigon South Residences","Phú Mỹ Hưng","P1","HCMC_old_boundary","","issuer_says_handed_over","","","","","NO_COORDINATES","https://phumyhung.vn/du-an-da-ban-giao"
"hist-greenvalley","Green Valley","Phú Mỹ Hưng","P1","HCMC_old_boundary","","issuer_says_handed_over","","","","","NO_COORDINATES","https://phumyhung.vn/du-an-da-ban-giao"
"hist-gardenplaza","Garden Plaza","Phú Mỹ Hưng","P1","HCMC_old_boundary","","issuer_says_handed_over","","","","","NO_COORDINATES","https://phumyhung.vn/du-an-da-ban-giao"
"hist-thepanorama","The Panorama","Phú Mỹ Hưng","P1","HCMC_old_boundary","","issuer_says_handed_over","","","","","NO_COORDINATES","https://phumyhung.vn/du-an-da-ban-giao"
"hist-starhill","Star Hill","Phú Mỹ Hưng","P1","HCMC_old_boundary","","issuer_says_handed_over","","","","","NO_COORDINATES","https://phumyhung.vn/du-an-da-ban-giao"
"hist-myanmycanh","Mỹ An – Mỹ Cảnh","Phú Mỹ Hưng","P2","HCMC_old_boundary","","historical_portfolio_presence","","","","","NO_COORDINATES","https://phumyhung.vn/gioi-thieu/tong-quan-thi-phu-hung"
"hist-hungvuong1","Hưng Vượng 1","Phú Mỹ Hưng","P2","HCMC_old_boundary","","historical_portfolio_presence","","","","","NO_COORDINATES","https://phumyhung.vn/gioi-thieu/tong-quan-thi-phu-hung"
"hist-myphuoc","Mỹ Phước","Phú Mỹ Hưng","P2","HCMC_old_boundary","","historical_portfolio_presence","","","","","NO_COORDINATES","https://phumyhung.vn/gioi-thieu/tong-quan-thi-phu-hung"
"hist-skygarden","Sky Garden","Phú Mỹ Hưng","P2","HCMC_old_boundary","","historical_portfolio_presence","","","","","NO_COORDINATES","https://phumyhung.vn/gioi-thieu/tong-quan-thi-phu-hung"
"hist-mykhanh","Mỹ Khánh","Phú Mỹ Hưng","P2","HCMC_old_boundary","","historical_portfolio_presence","","","","","NO_COORDINATES","https://phumyhung.vn/gioi-thieu/tong-quan-thi-phu-hung"
"hist-parkview","Parkview","Phú Mỹ Hưng","P2","HCMC_old_boundary","","historical_portfolio_presence","","","","","NO_COORDINATES","https://phumyhung.vn/gioi-thieu/tong-quan-thi-phu-hung"
"hist-thegrandview","The Grandview","Phú Mỹ Hưng","P2","HCMC_old_boundary","","historical_portfolio_presence","","","","","NO_COORDINATES","https://phumyhung.vn/gioi-thieu/tong-quan-thi-phu-hung"
"hist-scenicvalley","Scenic Valley","Phú Mỹ Hưng","P2","HCMC_old_boundary","","historical_portfolio_presence","","","","","NO_COORDINATES","https://phumyhung.vn/du-an/"
"hist-scenicvalley2","Scenic Valley 2","Phú Mỹ Hưng","P2","HCMC_old_boundary","","historical_portfolio_presence","","","","","NO_COORDINATES","https://phumyhung.vn/du-an/"
"hist-riversideresidence","Riverside Residence","Phú Mỹ Hưng","P2","HCMC_old_boundary","","historical_portfolio_presence","","","","","NO_COORDINATES","https://phumyhung.vn/du-an/"
"hist-thepeakmidtown","The Peak (Midtown)","Phú Mỹ Hưng","P2","HCMC_old_boundary","hist-phumyhungmidtown","historical_portfolio_presence","","","","","NO_COORDINATES","https://phumyhung.vn/midtown/trai-nghiem-khu-can-ho-nghi-duong-dang-cap-tai-khu-nam-sai-gon/"
"hist-thesignaturemidtown","The Signature (Midtown)","Phú Mỹ Hưng","P2","HCMC_old_boundary","hist-phumyhungmidtown","historical_portfolio_presence","","","","","NO_COORDINATES","https://phumyhung.vn/midtown/trai-nghiem-khu-can-ho-nghi-duong-dang-cap-tai-khu-nam-sai-gon/"
"hist-thesymphonymidtown","The Symphony (Midtown)","Phú Mỹ Hưng","P2","HCMC_old_boundary","hist-phumyhungmidtown","historical_portfolio_presence","","","","","NO_COORDINATES","https://phumyhung.vn/midtown/trai-nghiem-khu-can-ho-nghi-duong-dang-cap-tai-khu-nam-sai-gon/"
"hist-thegrandemidtown","The Grande (Midtown)","Phú Mỹ Hưng","P2","HCMC_old_boundary","hist-phumyhungmidtown","historical_portfolio_presence","","","","","NO_COORDINATES","https://phumyhung.vn/midtown/trai-nghiem-khu-can-ho-nghi-duong-dang-cap-tai-khu-nam-sai-gon/"
"hist-thebridgeview","The Bridgeview","Nam Long","P2","HCMC_old_boundary","","historical_portfolio_presence","","","","","NO_COORDINATES","https://www.namlongvn.com/uploads/assets/files/NLG/2022/20220408%20-%20nlg%20-%20cbtt%20bao%20cao%20thuong%20nien%20nam%202021%20-%20en.pdf/"
"hist-floraanhdao","Flora Anh Dao","Nam Long","P2","HCMC_old_boundary","","historical_portfolio_presence","","","","","NO_COORDINATES","https://www.namlongvn.com/uploads/assets/files/NLG/2022/20220408%20-%20nlg%20-%20cbtt%20bao%20cao%20thuong%20nien%20nam%202021%20-%20en.pdf/"
"hist-florafuji","Flora Fuji","Nam Long","P2","HCMC_old_boundary","","historical_portfolio_presence","","","","","NO_COORDINATES","https://www.namlongvn.com/uploads/assets/files/NLG/2022/20220408%20-%20nlg%20-%20cbtt%20bao%20cao%20thuong%20nien%20nam%202021%20-%20en.pdf/"
"hist-ehome1","EHome 1","Nam Long","P2","HCMC_old_boundary","","historical_portfolio_presence","","","","","NO_COORDINATES","https://www.namlongvn.com/uploads/assets/files/NLG/2022/20220408%20-%20nlg%20-%20cbtt%20bao%20cao%20thuong%20nien%20nam%202021%20-%20en.pdf/"
"hist-ehome2","EHome 2","Nam Long","P2","HCMC_old_boundary","","historical_portfolio_presence","","","","","NO_COORDINATES","https://www.namlongvn.com/uploads/assets/files/NLG/2022/20220408%20-%20nlg%20-%20cbtt%20bao%20cao%20thuong%20nien%20nam%202021%20-%20en.pdf/"
"hist-ehome3","EHome 3","Nam Long","P2","HCMC_old_boundary","","historical_portfolio_presence","","","","","NO_COORDINATES","https://www.namlongvn.com/uploads/assets/files/NLG/2022/20220408%20-%20nlg%20-%20cbtt%20bao%20cao%20thuong%20nien%20nam%202021%20-%20en.pdf/"
"hist-ehome4","EHome 4","Nam Long","P2","Binh_Duong_pre_2025","","historical_portfolio_presence","","","","","NO_COORDINATES","https://www.namlongvn.com/uploads/assets/files/NLG/2022/20220408%20-%20nlg%20-%20cbtt%20bao%20cao%20thuong%20nien%20nam%202021%20-%20en.pdf/"
"hist-ehomesphuhuu","EHomeS Phu Huu","Nam Long","P2","HCMC_old_boundary","","historical_portfolio_presence","","","","","NO_COORDINATES","https://www.namlongvn.com/uploads/assets/files/NLG/2022/20220408%20-%20nlg%20-%20cbtt%20bao%20cao%20thuong%20nien%20nam%202021%20-%20en.pdf/"
"hist-ehomesnamsaigon","EHomeS Nam Sai Gon","Nam Long","P2","HCMC_old_boundary","","historical_portfolio_presence","","","","","NO_COORDINATES","https://www.namlongvn.com/uploads/assets/files/NLG/2022/20220408%20-%20nlg%20-%20cbtt%20bao%20cao%20thuong%20nien%20nam%202021%20-%20en.pdf/"
"hist-florakikyo","Flora Kikyo","Nam Long","P2","HCMC_old_boundary","","historical_portfolio_presence","","","","","NO_COORDINATES","https://www.namlongvn.com/uploads/assets/files/NLG/2022/20220408%20-%20nlg%20-%20cbtt%20bao%20cao%20thuong%20nien%20nam%202021%20-%20en.pdf/"
"hist-floramizukimp15","Flora Mizuki MP1–5","Nam Long","P2","HCMC_old_boundary","hist-mizukipark","historical_portfolio_presence","","","","","NO_COORDINATES","https://www.namlongvn.com/uploads/assets/files/NLG/2022/20220408%20-%20nlg%20-%20cbtt%20bao%20cao%20thuong%20nien%20nam%202021%20-%20en.pdf/"
"hist-floranovia","Flora Novia","Nam Long","P2","HCMC_old_boundary","","historical_portfolio_presence","","","","","NO_COORDINATES","https://www.namlongvn.com/uploads/assets/files/NLG/2022/20220408%20-%20nlg%20-%20cbtt%20bao%20cao%20thuong%20nien%20nam%202021%20-%20en.pdf/"
"hist-opalriverside","Opal Riverside","Đất Xanh","P1","HCMC_old_boundary","","issuer_says_handed_over","","","","","NO_COORDINATES","https://www.datxanh.vn/assets/uploads/myfiles/files/quan-he-co-dong/bao-cao-thuong-nien/bao-cao-thuong-nien-dxg-2018-050319.pdf"
"hist-opalgarden","Opal Garden","Đất Xanh","P1","HCMC_old_boundary","","issuer_says_handed_over","","","","","NO_COORDINATES","https://www.datxanh.vn/assets/uploads/myfiles/files/quan-he-co-dong/bao-cao-thuong-nien/bao-cao-thuong-nien-dxg-2018-050319.pdf"
"hist-luxgarden","LuxGarden","Đất Xanh","P1","HCMC_old_boundary","","issuer_says_handed_over","","","","","NO_COORDINATES","https://www.datxanh.vn/assets/uploads/myfiles/files/quan-he-co-dong/bao-cao-thuong-nien/bao-cao-thuong-nien-dxg-2018-050319.pdf"
"hist-sunview12","Sunview 1-2","Đất Xanh","P2","HCMC_old_boundary","","historical_portfolio_presence","","","","","NO_COORDINATES","https://www.datxanh.vn/assets/uploads/myfiles/files/quan-he-co-dong/bao-cao-thuong-nien/bao-cao-thuong-nien-dxg-2018-050319.pdf"
"hist-phugiahung","Phú Gia Hưng","Đất Xanh","P2","HCMC_old_boundary","","historical_portfolio_presence","","","","","NO_COORDINATES","https://www.datxanh.vn/assets/uploads/myfiles/files/quan-he-co-dong/bao-cao-thuong-nien/bao-cao-thuong-nien-dxg-2018-050319.pdf"
"hist-sunviewtown","Sunview Town","Đất Xanh","P2","HCMC_old_boundary","","historical_portfolio_presence","","","","","NO_COORDINATES","https://www.datxanh.vn/assets/uploads/myfiles/files/quan-he-co-dong/bao-cao-thuong-nien/bao-cao-thuong-nien-dxg-2018-050319.pdf"
"hist-jamila","Jamila","Khang Điền","P1","HCMC_old_boundary","","issuer_says_handed_over","","","","","NO_COORDINATES","https://www.khangdien.com.vn/tap-doan-khang-dien-to-chuc-le-cat-noc-2-thap-b-cua-du-an-the-privia"
"hist-safira","Safira","Khang Điền","P1","HCMC_old_boundary","","issuer_says_handed_over","","","","","NO_COORDINATES","https://www.khangdien.com.vn/tap-doan-khang-dien-to-chuc-le-cat-noc-2-thap-b-cua-du-an-the-privia"
"hist-loveravista","Lovera Vista","Khang Điền","P1","HCMC_old_boundary","","issuer_says_handed_over","","","","","NO_COORDINATES","https://www.khangdien.com.vn/tap-doan-khang-dien-to-chuc-le-cat-noc-2-thap-b-cua-du-an-the-privia"
"hist-theprivia","The Privia","Khang Điền","P1","HCMC_old_boundary","","issuer_says_handed_over","","","","","NO_COORDINATES","https://www.khangdien.com.vn/tap-doan-khang-dien-to-chuc-le-cat-noc-2-thap-b-cua-du-an-the-privia"
"hist-saigonpearl","Saigon Pearl","Nguồn thị trường (cần xác minh)","P2","HCMC_old_boundary","","operating_referenced_by_historic_rental_market","","","","","NO_COORDINATES","https://wiki.batdongsan.com.vn/tin-tuc/can-ho-cho-thue-tai-tp-hcm-dong-loat-tang-gia-67647"
"hist-themanor","The Manor","Nguồn thị trường (cần xác minh)","P2","HCMC_old_boundary","","operating_referenced_by_historic_rental_market","","","","","NO_COORDINATES","https://wiki.batdongsan.com.vn/tin-tuc/can-ho-cho-thue-tai-tp-hcm-dong-loat-tang-gia-67647"
"hist-thaodienpearl","Thảo Điền Pearl","Nguồn thị trường (cần xác minh)","P2","HCMC_old_boundary","","operating_referenced_by_historic_rental_market","","","","","NO_COORDINATES","https://wiki.batdongsan.com.vn/tin-tuc/can-ho-cho-thue-tai-tp-hcm-dong-loat-tang-gia-67647"
"hist-xiriverviewpalace","XI Riverview Palace","Nguồn thị trường (cần xác minh)","P2","HCMC_old_boundary","","operating_referenced_by_historic_rental_market","","","","","NO_COORDINATES","https://wiki.batdongsan.com.vn/tin-tuc/can-ho-cho-thue-tai-tp-hcm-dong-loat-tang-gia-67647"
"hist-citygarden","City Garden","Nguồn thị trường (cần xác minh)","P2","HCMC_old_boundary","","platform_directory_candidate_only","","","","","NO_COORDINATES","https://batdongsan.com.vn/ban-do-ban-nha-biet-thu-lien-ke-saigon-pearl"
"hist-pearlplaza","Pearl Plaza","Nguồn thị trường (cần xác minh)","P2","HCMC_old_boundary","","platform_directory_candidate_only","","","","","NO_COORDINATES","https://batdongsan.com.vn/ban-do-ban-nha-biet-thu-lien-ke-saigon-pearl"
"hist-cantavilhoancau","Cantavil Hoàn Cầu","Nguồn thị trường (cần xác minh)","P2","HCMC_old_boundary","","platform_reports_handed_over_unverified","","","","","NO_COORDINATES","https://batdongsan.com.vn/ban-can-ho-chung-cu-cantavil-hoan-cau/gia-thuong-luong"
"hist-saigonresplaza","Saigonres Plaza","Nguồn thị trường (cần xác minh)","P2","HCMC_old_boundary","","platform_directory_candidate_only","","","","","NO_COORDINATES","https://batdongsan.com.vn/ban-do-ban-nha-biet-thu-lien-ke-saigon-pearl"
"hist-chungcumyduc","Chung cư Mỹ Đức","Nguồn thị trường (cần xác minh)","P2","HCMC_old_boundary","","platform_directory_candidate_only","","","","","NO_COORDINATES","https://batdongsan.com.vn/ban-do-ban-nha-biet-thu-lien-ke-saigon-pearl"
"hist-chungcuphamvietchanh","Chung cư Phạm Viết Chánh","Nguồn thị trường (cần xác minh)","P2","HCMC_old_boundary","","platform_directory_candidate_only","","","","","NO_COORDINATES","https://batdongsan.com.vn/ban-do-ban-nha-biet-thu-lien-ke-saigon-pearl"
"hist-hoanganhgialai3","Hoàng Anh Gia Lai 3","Nguồn thị trường (cần xác minh)","P2","HCMC_old_boundary","","platform_reports_handed_over_unverified","","","","","NO_COORDINATES","https://batdongsan.com.vn/du-an-can-ho-chung-cu-nha-be/new-saigon-hoang-anh-gia-lai-3-pj110"
"hist-richmondcity","Richmond City","Nguồn thị trường (cần xác minh)","P2","HCMC_old_boundary","","platform_directory_candidate_only","","","","","NO_COORDINATES","https://batdongsan.com.vn/ban-do-ban-nha-biet-thu-lien-ke-saigon-pearl"
"hist-sunwahpearl","Sunwah Pearl","Nguồn thị trường (cần xác minh)","P2","HCMC_old_boundary","","platform_directory_candidate_only","","","","","NO_COORDINATES","https://batdongsan.com.vn/ban-do-ban-nha-biet-thu-lien-ke-saigon-pearl"
"hist-thanhdaview","Thanh Đa View","Nguồn thị trường (cần xác minh)","P2","HCMC_old_boundary","","platform_directory_candidate_only","","","","","NO_COORDINATES","https://batdongsan.com.vn/ban-do-ban-nha-biet-thu-lien-ke-saigon-pearl"
"hist-chungcunguyenngocphuong","Chung cư Nguyễn Ngọc Phương","Nguồn thị trường (cần xác minh)","P2","HCMC_old_boundary","","platform_directory_candidate_only","","","","","NO_COORDINATES","https://batdongsan.com.vn/ban-do-ban-nha-biet-thu-lien-ke-saigon-pearl"
"hist-chungcu1050chuvanan","Chung cư 1050 Chu Văn An","Nguồn thị trường (cần xác minh)","P2","HCMC_old_boundary","","platform_directory_candidate_only","","","","","NO_COORDINATES","https://batdongsan.com.vn/ban-do-ban-nha-biet-thu-lien-ke-saigon-pearl"
"hist-soragardensi","SORA gardens I","BECAMEX TOKYU","P1","Binh_Duong_pre_2025","","issuer_says_handed_over","2015","","","","NO_COORDINATES","https://www.tokyugardencity.com/en/area/sora/"
"hist-soragardensii","SORA gardens II","BECAMEX TOKYU","P1","Binh_Duong_pre_2025","","issuer_says_handed_over","2021","","","","NO_COORDINATES","https://www.tokyugardencity.com/en/area/sora/"
"hist-midoriparktheview","MIDORI PARK The VIEW","BECAMEX TOKYU","P2","Binh_Duong_pre_2025","","historical_portfolio_presence","","","","","NO_COORDINATES","https://becamextokyuhome.com/gioi-thieu"
"hist-midoriparktheglory","MIDORI PARK The GLORY","BECAMEX TOKYU","P2","Binh_Duong_pre_2025","","historical_portfolio_presence","","","","","NO_COORDINATES","https://becamextokyuhome.com/gioi-thieu"
"hist-midoriparkthenest","MIDORI PARK The NEST","BECAMEX TOKYU","P2","Binh_Duong_pre_2025","","historical_portfolio_presence","","","","","NO_COORDINATES","https://becamextokyuhome.com/gioi-thieu"
"hist-midoriparktheten","MIDORI PARK The TEN","BECAMEX TOKYU","P2","Binh_Duong_pre_2025","","historical_portfolio_presence","","","","","NO_COORDINATES","https://becamextokyuhome.com/gioi-thieu"
"hist-thehabitatbinhduonggiaidoani","The Habitat Bình Dương Giai đoạn I","VSIP-Sembcorp/The Habitat","P1","Binh_Duong_pre_2025","","issuer_says_handed_over","2017","","","","NO_COORDINATES","https://thehabitatbinhduong.vn/en/project-new/giai-doan-1-2/"
"hist-thehabitatbinhduonggiaidoanii","The Habitat Bình Dương Giai đoạn II","VSIP-Sembcorp/The Habitat","P2","Binh_Duong_pre_2025","","historical_portfolio_presence","","","","","NO_COORDINATES","https://thehabitatbinhduong.vn/about/"
"hist-thehabitatbinhduonggiaidoaniii","The Habitat Bình Dương Giai đoạn III","VSIP-Sembcorp/The Habitat","P2","Binh_Duong_pre_2025","","historical_portfolio_presence","","","","","NO_COORDINATES","https://thehabitatbinhduong.vn/about/"
"discover-20261009-lumiere-midtown","LUMIÈRE Midtown","Masterise Homes","DISCOVERY","HCMC_old_boundary","The Global City","DISCOVERY_CANDIDATE","","Đường Đỗ Xuân Hợp, phường Bình Trưng, TP.HCM","","","NO_COORDINATES","https://masterisehomes.com/the-global-city/lumiere-midtown/"
"discover-20261009-masteri-grand-view","Masteri Grand View","Masterise Homes","DISCOVERY","HCMC_old_boundary","The Global City","DISCOVERY_CANDIDATE","","Khu The Global City, phường Bình Trưng, TP.HCM (to verify exact parcel)","","","NO_COORDINATES","https://masterisehomes.com/the-global-city/vi/masteri-grand-view"
"discover-20261009-anesta","ANesta","Gamuda Land","DISCOVERY","Binh_Duong_pre_2025","","DISCOVERY_CANDIDATE","","Khu vực nút giao Tân Vạn, phường Đông Hòa, TP.HCM — exact plot pending GIS","","","NO_COORDINATES","https://gamudaland.com.vn/vn/news/news-and-story-37"
